timestamp,latitude,longitude,speed_kmh,heading_deg,smoothness_index,road_status,anomalies_detected,hazard_alert,alert_distance_m
1791355772.77,26.822000,75.865000,34.9,90.0,89.6,"EXCELLENT / SMOOTH",0,False,25.1
1791355774.27,26.822349,75.865003,34.1,92.0,92.2,"EXCELLENT / SMOOTH",0,False,24.4
1791355775.77,26.822696,75.865012,34.8,94.0,95.0,"EXCELLENT / SMOOTH",0,False,25.0
1791355777.27,26.823041,75.865027,35.8,96.0,92.6,"EXCELLENT / SMOOTH",0,False,25.9
1791355778.77,26.823381,75.865049,39.0,98.0,96.6,"EXCELLENT / SMOOTH",0,False,29.0
1791355780.27,26.823716,75.865076,38.1,100.0,96.0,"EXCELLENT / SMOOTH",0,False,28.1
1791355781.77,26.824043,75.865110,39.0,102.0,92.6,"EXCELLENT / SMOOTH",0,False,29.1
1791355783.27,26.824363,75.865150,38.5,104.0,93.7,"EXCELLENT / SMOOTH",0,False,28.5
1791355784.77,26.824673,75.865197,39.4,106.0,98.3,"EXCELLENT / SMOOTH",0,False,29.4
1791355786.27,26.824972,75.865250,41.2,108.0,98.3,"EXCELLENT / SMOOTH",0,False,31.3
1791355787.77,26.825260,75.865309,41.9,110.0,92.0,"EXCELLENT / SMOOTH",0,False,32.0
1791355789.27,26.825536,75.865375,39.5,112.0,94.0,"EXCELLENT / SMOOTH",0,False,29.6
1791355790.77,26.825798,75.865447,40.4,114.0,97.2,"EXCELLENT / SMOOTH",0,False,30.5
1791355792.27,26.826047,75.865527,44.9,116.0,92.2,"EXCELLENT / SMOOTH",0,False,35.2
1791355793.77,26.826281,75.865613,42.8,118.0,88.4,"EXCELLENT / SMOOTH",0,False,33.0
1791355795.27,26.826500,75.865706,45.5,120.0,95.5,"EXCELLENT / SMOOTH",0,False,36.0
1791355796.77,26.826704,75.865806,41.5,122.0,99.3,"EXCELLENT / SMOOTH",0,False,31.6
1791355798.27,26.826892,75.865913,46.5,124.0,98.2,"EXCELLENT / SMOOTH",0,False,37.0
1791355799.77,26.827066,75.866028,45.9,126.0,96.1,"EXCELLENT / SMOOTH",0,False,36.4
1791355801.27,26.827223,75.866150,45.0,128.0,93.7,"EXCELLENT / SMOOTH",0,False,35.4
1791355802.77,26.827366,75.866279,45.8,130.0,97.5,"EXCELLENT / SMOOTH",0,False,36.3
1791355804.27,26.827493,75.866416,43.8,132.0,93.8,"EXCELLENT / SMOOTH",0,False,34.0
1791355805.77,26.827606,75.866561,45.3,134.0,96.4,"EXCELLENT / SMOOTH",0,False,35.7
1791355807.27,26.827705,75.866713,45.1,136.0,89.1,"EXCELLENT / SMOOTH",0,False,35.5
1791355808.77,26.827790,75.866873,46.4,138.0,97.6,"EXCELLENT / SMOOTH",0,False,36.9
1791355810.27,26.827862,75.867041,45.8,140.0,98.2,"EXCELLENT / SMOOTH",0,False,36.2
1791355811.77,26.827923,75.867217,49.2,142.0,90.9,"EXCELLENT / SMOOTH",0,False,40.2
1791355813.27,26.827972,75.867401,46.7,144.0,91.3,"EXCELLENT / SMOOTH",0,False,37.3
1791355814.77,26.828011,75.867593,48.8,146.0,97.8,"EXCELLENT / SMOOTH",0,False,39.7
1791355816.27,26.828041,75.867792,45.5,148.0,98.6,"EXCELLENT / SMOOTH",0,False,35.9
1791355817.77,26.828062,75.868000,46.0,150.0,96.1,"EXCELLENT / SMOOTH",0,False,36.5
1791355819.27,26.828076,75.868216,47.5,152.0,96.8,"EXCELLENT / SMOOTH",0,False,38.2
1791355820.77,26.828084,75.868439,47.1,154.0,98.2,"EXCELLENT / SMOOTH",0,False,37.7
1791355822.27,26.828086,75.868670,45.6,156.0,94.6,"EXCELLENT / SMOOTH",0,False,36.0
1791355823.77,26.828084,75.868909,49.0,158.0,94.4,"EXCELLENT / SMOOTH",0,False,39.9
1791355825.27,26.828078,75.869156,46.7,160.0,79.7,"GOOD / MINOR WEAR",0,False,37.3
1791355826.77,26.828070,75.869410,44.3,162.0,82.6,"GOOD / MINOR WEAR",0,False,34.6
1791355828.27,26.828060,75.869671,47.5,164.0,72.5,"GOOD / MINOR WEAR",0,False,38.2
1791355829.77,26.828049,75.869940,44.5,166.0,73.4,"GOOD / MINOR WEAR",0,False,34.8
1791355831.27,26.828038,75.870215,44.9,168.0,72.6,"GOOD / MINOR WEAR",0,False,35.3
1791355832.77,26.828028,75.870497,42.9,170.0,73.4,"GOOD / MINOR WEAR",0,False,33.1
1791355834.27,26.828018,75.870786,43.8,172.0,78.1,"GOOD / MINOR WEAR",0,False,34.0
1791355835.77,26.828011,75.871081,46.2,174.0,74.8,"GOOD / MINOR WEAR",0,False,36.7
1791355837.27,26.828005,75.871382,43.6,176.0,75.9,"GOOD / MINOR WEAR",0,False,33.9
1791355838.77,26.828001,75.871688,41.6,178.0,82.9,"GOOD / MINOR WEAR",0,False,31.7
1791355840.27,26.828000,75.872000,43.6,180.0,77.1,"GOOD / MINOR WEAR",0,False,33.8
1791355841.77,26.828001,75.872317,43.2,182.0,81.9,"GOOD / MINOR WEAR",0,False,33.4
1791355843.27,26.828005,75.872638,41.0,184.0,76.5,"GOOD / MINOR WEAR",0,False,31.1
1791355844.77,26.828011,75.872963,41.9,186.0,73.4,"GOOD / MINOR WEAR",0,False,32.0
1791355846.27,26.828018,75.873291,39.1,188.0,81.2,"GOOD / MINOR WEAR",0,False,29.2
1791355847.77,26.828028,75.873623,40.5,190.0,79.7,"GOOD / MINOR WEAR",0,False,30.5
1791355849.27,26.828038,75.873958,38.5,192.0,77.6,"GOOD / MINOR WEAR",0,False,28.5
1791355850.77,26.828049,75.874294,42.0,194.0,94.0,"EXCELLENT / SMOOTH",0,False,32.1
1791355852.27,26.828060,75.874633,38.9,196.0,98.0,"EXCELLENT / SMOOTH",0,False,28.9
1791355853.77,26.828070,75.874972,37.2,198.0,93.4,"EXCELLENT / SMOOTH",0,False,27.3
1791355855.27,26.828078,75.875312,39.6,200.0,94.2,"EXCELLENT / SMOOTH",0,False,29.6
1791355856.77,26.828084,75.875652,36.3,202.0,95.5,"EXCELLENT / SMOOTH",0,False,26.4
1791355858.27,26.828086,75.875991,39.3,204.0,98.9,"EXCELLENT / SMOOTH",0,False,29.4
1791355859.77,26.828084,75.876330,38.5,206.0,94.5,"EXCELLENT / SMOOTH",0,False,28.5
1791355861.27,26.828076,75.876666,35.9,208.0,88.3,"EXCELLENT / SMOOTH",0,False,26.0
1791355862.77,26.828062,75.877000,35.1,210.0,91.0,"EXCELLENT / SMOOTH",0,False,25.3
1791355864.27,26.828041,75.877331,34.5,212.0,95.9,"EXCELLENT / SMOOTH",0,False,24.7
1791355865.77,26.828011,75.877658,35.4,214.0,93.4,"EXCELLENT / SMOOTH",0,False,25.5
1791355867.27,26.827972,75.877981,31.8,216.0,94.2,"EXCELLENT / SMOOTH",0,False,22.3
1791355868.77,26.827923,75.878299,31.7,218.0,91.9,"EXCELLENT / SMOOTH",0,False,22.2
1791355870.27,26.827862,75.878611,32.4,220.0,97.6,"EXCELLENT / SMOOTH",0,False,22.8
1791355871.77,26.827790,75.878918,30.5,222.0,89.6,"EXCELLENT / SMOOTH",0,False,21.2
1791355873.27,26.827705,75.879217,32.2,224.0,95.0,"EXCELLENT / SMOOTH",0,False,22.7
1791355874.77,26.827606,75.879509,30.0,226.0,98.4,"EXCELLENT / SMOOTH",0,False,20.8
1791355876.27,26.827493,75.879793,29.8,228.0,99.0,"EXCELLENT / SMOOTH",0,False,20.6
1791355877.77,26.827366,75.880068,27.7,230.0,92.0,"EXCELLENT / SMOOTH",0,False,18.8
1791355879.27,26.827223,75.880334,27.1,232.0,95.1,"EXCELLENT / SMOOTH",0,False,18.3
1791355880.77,26.827066,75.880590,28.2,234.0,92.7,"EXCELLENT / SMOOTH",0,False,19.2
1791355882.27,26.826892,75.880836,26.0,236.0,88.2,"EXCELLENT / SMOOTH",0,False,17.5
1791355883.77,26.826704,75.881071,29.3,238.0,89.0,"EXCELLENT / SMOOTH",0,False,20.1
1791355885.27,26.826500,75.881294,26.1,240.0,98.7,"EXCELLENT / SMOOTH",0,False,17.5
1791355886.77,26.826281,75.881506,27.5,242.0,96.0,"EXCELLENT / SMOOTH",0,False,18.7
1791355888.27,26.826047,75.881705,27.1,244.0,93.1,"EXCELLENT / SMOOTH",0,False,18.3
1791355889.77,26.825798,75.881891,24.6,246.0,89.0,"EXCELLENT / SMOOTH",0,False,16.4
1791355891.27,26.825536,75.882064,23.6,248.0,94.6,"EXCELLENT / SMOOTH",0,False,15.6
1791355892.77,26.825260,75.882223,25.6,250.0,89.0,"EXCELLENT / SMOOTH",0,False,17.1
1791355894.27,26.824972,75.882369,25.6,252.0,91.3,"EXCELLENT / SMOOTH",0,False,17.2
1791355895.77,26.824673,75.882499,22.8,254.0,90.3,"EXCELLENT / SMOOTH",0,False,15.0
1791355897.27,26.824363,75.882616,24.8,256.0,94.4,"EXCELLENT / SMOOTH",0,False,16.5
1791355898.77,26.824043,75.882717,21.5,258.0,92.4,"EXCELLENT / SMOOTH",0,False,14.1
1791355900.27,26.823716,75.882803,23.0,260.0,95.9,"EXCELLENT / SMOOTH",0,False,15.2
1791355901.77,26.823381,75.882874,22.0,262.0,35.9,"POOR / HIGH DAMAGE",0,True,14.5
1791355903.27,26.823041,75.882929,25.2,264.0,36.1,"POOR / HIGH DAMAGE",0,True,16.8
1791355904.77,26.822696,75.882968,20.7,266.0,26.3,"CRITICAL / SEVERE HAZARDS",1,True,13.6
1791355906.27,26.822349,75.882992,24.7,268.0,37.3,"POOR / HIGH DAMAGE",1,True,16.5
1791355907.77,26.822000,75.883000,25.3,270.0,27.6,"CRITICAL / SEVERE HAZARDS",1,True,16.9
1791355909.27,26.821651,75.882992,20.7,272.0,45.3,"POOR / HIGH DAMAGE",1,True,13.6
1791355910.77,26.821304,75.882968,23.0,274.0,34.3,"CRITICAL / SEVERE HAZARDS",3,True,15.2
1791355912.27,26.820959,75.882929,24.1,276.0,36.3,"POOR / HIGH DAMAGE",3,True,16.0
1791355913.77,26.820619,75.882874,24.1,278.0,30.2,"CRITICAL / SEVERE HAZARDS",3,True,16.0
1791355915.27,26.820284,75.882803,22.7,280.0,25.6,"CRITICAL / SEVERE HAZARDS",3,True,15.0
1791355916.77,26.819957,75.882717,24.6,282.0,28.1,"CRITICAL / SEVERE HAZARDS",5,True,16.4
1791355918.27,26.819637,75.882616,25.8,284.0,40.6,"POOR / HIGH DAMAGE",5,True,17.3
1791355919.77,26.819327,75.882499,24.7,286.0,45.9,"POOR / HIGH DAMAGE",5,True,16.5
1791355921.27,26.819028,75.882369,22.9,288.0,23.9,"CRITICAL / SEVERE HAZARDS",6,True,15.2
1791355922.77,26.818740,75.882223,23.2,290.0,40.3,"POOR / HIGH DAMAGE",7,True,15.4
1791355924.27,26.818464,75.882064,23.1,292.0,45.1,"POOR / HIGH DAMAGE",9,True,15.3
1791355925.77,26.818202,75.881891,24.7,294.0,22.4,"CRITICAL / SEVERE HAZARDS",11,True,16.5
1791355927.27,26.817953,75.881705,27.4,296.0,42.9,"POOR / HIGH DAMAGE",11,True,18.6
1791355928.77,26.817719,75.881506,24.6,298.0,26.0,"CRITICAL / SEVERE HAZARDS",12,True,16.4
1791355930.27,26.817500,75.881294,24.2,300.0,40.8,"POOR / HIGH DAMAGE",12,True,16.1
1791355931.77,26.817296,75.881071,26.5,302.0,40.9,"POOR / HIGH DAMAGE",12,True,17.8
1791355933.27,26.817108,75.880836,29.9,304.0,28.7,"CRITICAL / SEVERE HAZARDS",13,True,20.6
1791355934.77,26.816934,75.880590,28.7,306.0,27.8,"CRITICAL / SEVERE HAZARDS",13,True,19.6
1791355936.27,26.816777,75.880334,28.0,308.0,38.6,"POOR / HIGH DAMAGE",14,True,19.1
1791355937.77,26.816634,75.880068,26.9,310.0,33.4,"CRITICAL / SEVERE HAZARDS",14,True,18.2
1791355939.27,26.816507,75.879793,30.0,312.0,34.8,"CRITICAL / SEVERE HAZARDS",14,True,20.7
1791355940.77,26.816394,75.879509,29.0,314.0,25.4,"CRITICAL / SEVERE HAZARDS",15,True,19.8
1791355942.27,26.816295,75.879217,29.4,316.0,25.6,"CRITICAL / SEVERE HAZARDS",15,True,20.2
1791355943.77,26.816210,75.878918,31.1,318.0,26.0,"CRITICAL / SEVERE HAZARDS",16,True,21.7
1791355945.27,26.816138,75.878611,31.1,320.0,30.0,"CRITICAL / SEVERE HAZARDS",16,True,21.7
1791355946.77,26.816077,75.878299,31.8,322.0,32.8,"CRITICAL / SEVERE HAZARDS",17,True,22.2
1791355948.27,26.816028,75.877981,32.8,324.0,28.9,"CRITICAL / SEVERE HAZARDS",19,True,23.2
1791355949.77,26.815989,75.877658,35.4,326.0,44.7,"POOR / HIGH DAMAGE",21,True,25.5
1791355951.27,26.815959,75.877331,35.4,328.0,36.5,"POOR / HIGH DAMAGE",21,True,25.5
1791355952.77,26.815938,75.877000,32.7,330.0,42.0,"POOR / HIGH DAMAGE",23,True,23.1
1791355954.27,26.815924,75.876666,37.0,332.0,90.4,"EXCELLENT / SMOOTH",23,False,27.1
1791355955.77,26.815916,75.876330,36.8,334.0,94.2,"EXCELLENT / SMOOTH",23,False,26.8
1791355957.27,26.815914,75.875991,37.7,336.0,95.6,"EXCELLENT / SMOOTH",23,False,27.7
1791355958.77,26.815916,75.875652,37.2,338.0,90.8,"EXCELLENT / SMOOTH",23,False,27.3
1791355960.27,26.815922,75.875312,36.1,340.0,98.3,"EXCELLENT / SMOOTH",23,False,26.2
1791355961.77,26.815930,75.874972,39.2,342.0,98.8,"EXCELLENT / SMOOTH",23,False,29.2
1791355963.27,26.815940,75.874633,41.6,344.0,96.2,"EXCELLENT / SMOOTH",23,False,31.7
1791355964.77,26.815951,75.874294,40.4,346.0,94.9,"EXCELLENT / SMOOTH",23,False,30.5
1791355966.27,26.815962,75.873958,42.9,348.0,89.7,"EXCELLENT / SMOOTH",23,False,33.1
1791355967.77,26.815972,75.873623,40.2,350.0,98.9,"EXCELLENT / SMOOTH",23,False,30.2
1791355969.27,26.815982,75.873291,41.6,352.0,89.5,"EXCELLENT / SMOOTH",23,False,31.7
1791355970.77,26.815989,75.872963,42.7,354.0,90.9,"EXCELLENT / SMOOTH",23,False,32.9
1791355972.27,26.815995,75.872638,44.5,356.0,96.8,"EXCELLENT / SMOOTH",23,False,34.8
1791355973.77,26.815999,75.872317,42.9,358.0,91.0,"EXCELLENT / SMOOTH",23,False,33.1
1791355975.27,26.816000,75.872000,41.6,0.0,95.8,"EXCELLENT / SMOOTH",23,False,31.7
1791355976.77,26.815999,75.871688,45.8,2.0,97.7,"EXCELLENT / SMOOTH",23,False,36.2
1791355978.27,26.815995,75.871382,46.5,4.0,98.0,"EXCELLENT / SMOOTH",23,False,37.0
1791355979.77,26.815989,75.871081,42.9,6.0,92.6,"EXCELLENT / SMOOTH",23,False,33.1
1791355981.27,26.815982,75.870786,44.2,8.0,98.1,"EXCELLENT / SMOOTH",23,False,34.5
1791355982.77,26.815972,75.870497,45.9,10.0,97.7,"EXCELLENT / SMOOTH",23,False,36.4
1791355984.27,26.815962,75.870215,44.4,12.0,89.9,"EXCELLENT / SMOOTH",23,False,34.7
1791355985.77,26.815951,75.869940,43.6,14.0,89.1,"EXCELLENT / SMOOTH",23,False,33.8
1791355987.27,26.815940,75.869671,44.5,16.0,96.0,"EXCELLENT / SMOOTH",23,False,34.9
1791355988.77,26.815930,75.869410,45.0,18.0,52.5,"FAIR / MODERATE DAMAGE",23,False,35.4
1791355990.27,26.815922,75.869156,47.7,20.0,63.6,"FAIR / MODERATE DAMAGE",23,False,38.4
1791355991.77,26.815916,75.868909,48.2,22.0,61.8,"FAIR / MODERATE DAMAGE",23,False,39.0
1791355993.27,26.815914,75.868670,44.7,24.0,65.2,"FAIR / MODERATE DAMAGE",23,False,35.0
1791355994.77,26.815916,75.868439,44.9,26.0,54.8,"FAIR / MODERATE DAMAGE",23,False,35.2
1791355996.27,26.815924,75.868216,49.4,28.0,65.2,"FAIR / MODERATE DAMAGE",23,False,40.4
1791355997.77,26.815938,75.868000,46.2,30.0,56.7,"FAIR / MODERATE DAMAGE",24,False,36.7
1791355999.27,26.815959,75.867792,45.1,32.0,67.1,"FAIR / MODERATE DAMAGE",24,False,35.5
1791356000.77,26.815989,75.867593,45.2,34.0,59.9,"FAIR / MODERATE DAMAGE",24,True,35.6
1791356002.27,26.816028,75.867401,46.3,36.0,52.8,"FAIR / MODERATE DAMAGE",25,False,36.8
1791356003.77,26.816077,75.867217,46.5,38.0,60.9,"FAIR / MODERATE DAMAGE",26,False,37.0
1791356005.27,26.816138,75.867041,44.6,40.0,52.0,"FAIR / MODERATE DAMAGE",27,False,34.9
1791356006.77,26.816210,75.866873,47.5,42.0,66.7,"FAIR / MODERATE DAMAGE",27,False,38.2
1791356008.27,26.816295,75.866713,45.2,44.0,55.0,"FAIR / MODERATE DAMAGE",27,False,35.5
1791356009.77,26.816394,75.866561,47.2,46.0,56.6,"FAIR / MODERATE DAMAGE",27,True,37.9
1791356011.27,26.816507,75.866416,44.6,48.0,64.7,"FAIR / MODERATE DAMAGE",27,True,34.9
1791356012.77,26.816634,75.866279,45.9,50.0,58.3,"FAIR / MODERATE DAMAGE",27,True,36.3
1791356014.27,26.816777,75.866150,46.8,52.0,52.8,"FAIR / MODERATE DAMAGE",27,False,37.4
1791356015.77,26.816934,75.866028,45.9,54.0,63.8,"FAIR / MODERATE DAMAGE",28,True,36.4
1791356017.27,26.817108,75.865913,44.4,56.0,66.5,"FAIR / MODERATE DAMAGE",28,False,34.8
1791356018.77,26.817296,75.865806,45.8,58.0,67.1,"FAIR / MODERATE DAMAGE",28,True,36.3
1791356020.27,26.817500,75.865706,45.8,60.0,62.2,"FAIR / MODERATE DAMAGE",28,False,36.3
1791356021.77,26.817719,75.865613,44.8,62.0,64.5,"FAIR / MODERATE DAMAGE",29,False,35.2
1791356023.27,26.817953,75.865527,44.2,64.0,89.1,"EXCELLENT / SMOOTH",29,False,34.4
1791356024.77,26.818202,75.865447,41.3,66.0,96.3,"EXCELLENT / SMOOTH",29,False,31.4
1791356026.27,26.818464,75.865375,43.3,68.0,95.4,"EXCELLENT / SMOOTH",29,False,33.5
1791356027.77,26.818740,75.865309,39.4,70.0,92.4,"EXCELLENT / SMOOTH",29,False,29.5
1791356029.27,26.819028,75.865250,42.6,72.0,93.3,"EXCELLENT / SMOOTH",29,False,32.8
1791356030.77,26.819327,75.865197,41.5,74.0,96.9,"EXCELLENT / SMOOTH",29,False,31.6
1791356032.27,26.819637,75.865150,39.7,76.0,89.8,"EXCELLENT / SMOOTH",29,False,29.8
1791356033.77,26.819957,75.865110,39.1,78.0,95.1,"EXCELLENT / SMOOTH",29,False,29.2
1791356035.27,26.820284,75.865076,36.7,80.0,94.3,"EXCELLENT / SMOOTH",29,False,26.8
1791356036.77,26.820619,75.865049,38.6,82.0,98.3,"EXCELLENT / SMOOTH",29,False,28.6
1791356038.27,26.820959,75.865027,36.0,84.0,95.6,"EXCELLENT / SMOOTH",29,False,26.1
1791356039.77,26.821304,75.865012,34.6,86.0,89.8,"EXCELLENT / SMOOTH",29,False,24.8
1791356041.27,26.821651,75.865003,37.1,88.0,90.0,"EXCELLENT / SMOOTH",29,False,27.2
